{"action": {"mean": [-0.011067476123571396, -0.002414652146399021, -0.10300607979297638, 0.05731408670544624, 0.04564661905169487, 0.3151017129421234, 0.4366486668586731], "std": [0.08904124796390533, 0.16139866411685944, 0.2093392014503479, 2.578509569168091, 0.6101073622703552, 1.8888850212097168, 0.4959773123264313], "max": [0.24629077315330505, 0.5451571941375732, 0.2484073042869568, 3.141585350036621, 1.570690631866455, 3.141460657119751, 1.0], "min": [-0.4184693694114685, -0.5457179546356201, -0.6278987526893616, -3.1415884494781494, -1.460752248764038, -3.1397814750671387, 0.0], "q01": [-0.2917965978384018, -0.44797522723674776, -0.6257007658481598, -3.1413970470428465, -1.4529096722602843, -3.082676577568054, 0.0], "q99": [0.1529600784182542, 0.4486741483211517, 0.24737507700920106, 3.14147412776947, 1.5703222513198853, 3.117581081390381, 1.0]}, "proprio": {"mean": [0.2329159826040268, -0.013116186484694481, 1.134867787361145, -0.8834753036499023, 0.07695259898900986, -0.056743424385786057, 0.5140066742897034], "std": [0.09919118136167526, 0.15930591523647308, 0.2287183552980423, 2.6091034412384033, 0.5631627440452576, 2.3013269901275635, 0.49980899691581726], "max": [0.5282712578773499, 0.4360465109348297, 1.4720838069915771, 3.141592502593994, 1.570690631866455, 3.1415927410125732, 1.0], "min": [-0.14719118177890778, -0.43890005350112915, 0.769323468208313, -3.1415927410125732, -1.460752248764038, -3.1415927410125732, 0.0], "q01": [-0.0561964962631464, -0.36182871758937835, 0.7697743117809296, -3.1415915489196777, -1.4529096722602843, -3.141591787338257, 0.0], "q99": [0.44552970230579353, 0.3272776901721954, 1.4720291137695312, 3.1415908336639404, 1.5702884435653686, 3.141592025756836, 1.0]}, "num_transitions": 3891, "num_trajectories": 1000}